DIVISION,SAE_EL,SAE_NG
10,5094.522662004983,5785.2929839496755
1,3278.7603274095427,6239.137899070331
3,3216.823449581366,11511.241719512745
4,5360.500042984741,8996.937495473116
2,4159.500132501167,6180.095883270134
8,2069.056047263754,5232.1751231675535
5,5734.593565580064,7674.161060976238
9,3966.234469649419,7616.1740120605045
7,6236.238267634211,5071.327606166181
6,4687.531803317547,9310.989601453542
